{"cameraMode":{"drawMode":0,"name":"Shaded","section":"Shading Mode"},"sceneLighting":false,"audioPlay":false,"sceneViewState":{"m_AlwaysRefresh":false,"showFog":true,"showSkybox":false,"showFlares":true,"showImageEffects":true,"showParticleSystems":true,"showVisualEffectGraphs":true,"m_FxEnabled":true},"in2DMode":false,"pivot":{"x":409.636962890625,"y":399.54510498046877,"z":39.604270935058597},"rotation":{"x":-0.009481599554419518,"y":0.9905078411102295,"z":-0.09966806322336197,"w":-0.09422846138477326},"size":254.02772521972657,"orthographic":false}